"","SAMPLE","MINERAL","GROUP","As","W","Fe","Co","Ni","Cu","Zn","Bi","Te","Pt","Au","Mo","S","Pb","Ag","Sb","Cr","V","Se","Mn","Cd","Hg","value"
"1","Come Quieto","PYRITE","SULFIDE",0,0,48.19,0.05,0.01,0.01,0,0,0,0.02,0,0.07,51.06,0.11,0,0,0.01,0,0,0,0.009,0,99.539
"2","Escorpião","PYRITE","SULFIDE",0,0.01,46.62,0.05,0,0.02,0.01,0,0,0,0,0.08,51.92,0.46,0,0.01,0.01,0,0,0,0.01,0,99.2
"3","Valdette","PYRITE","SULFIDE",0,0,48.05,0.05,0.01,0.01,0.02,0,0,0,0,0.08,50.9,0.18,0,0.01,0.02,0,0,0,0,0,99.33
"4","Mãe de Leite","PYRITE","SULFIDE",0.01,0,47.72,0.04,0,0.01,0.01,0,0.01,0,0,0.08,51.94,0.15,0,0,0.01,0,0.011,0,0.023,0,100.014
"5","Galena","PYRITE","SULFIDE",0,0.01,47.16,0.05,0,0.01,0.01,0,0,0,0,0.06,49.56,0.17,0,0,0,0,0.002,0,0.037,0,97.069
"6","Galena","PYRITE","SULFIDE",0.01,0.02,46.68,0.05,0,0,0.01,0,0.01,0,0,0.05,50.66,0.1,0.01,0.01,0.005,0,0,0,0,0,97.615
"7","Serra","PYRITE","SULFIDE",0,0,48.75,0.04,0.01,0,0,0,0.02,0,0,0.09,51.51,0.08,0,0,0.0015,0.01,0.005,0,0,0,100.5165
"8","Serra","PYRITE","SULFIDE",0.01,0,48.38,0.06,0.01,0.04,0.02,0,0.01,0,0,0.08,50.51,0.14,0,0,0,0,0.01,0,0.035,0,99.305
"9","Serra","PYRITE","SULFIDE",0.01,0,48.03,0.07,0.01,0.01,0.01,0,0.01,0,0,0.06,51.43,0.14,0.01,0,0.02,0,0.022,0,0.035,0,99.867
"10","Serra","PYRITE","SULFIDE",0.01,0,48.04,0.06,0.01,0.01,0.01,0,0.01,0,0,0.08,52.92,0.15,0,0,0,0,0.018,0,0.035,0,101.353
"11","Meio","PYRITE","SULFIDE",0,0.01,47.71,0.05,0.01,0.03,0.04,0,0.01,0,0,0.07,52.32,0.15,0.01,0,0,0.01,0.028,0,0.079,0,100.527
"12","Meio","PYRITE","SULFIDE",0,0.01,47.92,0.05,0.01,0.01,0.06,0,0,0,0,0.09,53.32,0.15,0.01,0,0.02,0,0,0,0.434,0,102.084
"13","Come Quieto","GALENA","SULFIDE",0,0.01,0.03,0.02,0,0.02,0,0,0.05,0,0.04,0.87,13.39,86.53,0,0.03,0,0,0.041,0,1.108,0,102.139
"14","Mãe de Leite","GALENA","SULFIDE",0,0,0.12,0,0.02,0.02,0,0.18,0.02,0.01,0.03,0.84,13.08,85.02,0.1,0.01,0,0.01,0.026,0,0.737,0,100.223
"15","Galena","GALENA","SULFIDE",0,0.04,1.12,0,0.02,0,0,0,0.03,0.02,0,0.79,13.2,84.88,0,0.02,0,0,0.041,0,0,0,100.161
"16","Galena","GALENA","SULFIDE",0,0,0.03,0.01,0.01,0,0,0.42,0.03,0.01,0.01,0.82,12.88,83.64,0.23,0.01,0.028,0.01,0.039,0,1.041,0,99.218
"17","Escorpião","GALENA","SULFIDE",0,0,0,0.01,0,0.01,0,0,0.04,0,0,0.88,13.37,85.78,0.01,0,0,0,0.041,0,0,0,100.141
"18","Valdette","GALENA","SULFIDE",0,0.01,0.24,0,0.01,0.01,0.11,0,0.01,0,0.01,0.87,12.98,84.93,0,0,0,0,0.041,0,2.11,0,101.331
"19","Serra","GALENA","SULFIDE",0.02,0.01,0.02,0.01,0.01,0.01,0,1.84,0.03,0.01,0,0.85,13.06,82.48,0.78,0,0.0065,0,0.026,0,0.251,0,99.4135
"20","Serra","GALENA","SULFIDE",0,0.01,0.31,0.01,0.01,0.02,0,0.36,0.05,0.01,0.01,0.87,13.33,84.54,0.24,0.01,0,0.01,0.041,0,0.251,0,100.082
"21","Serra","GALENA","SULFIDE",0,0,0.02,0.01,0,0.02,0,4.66,0.03,0,0,0.86,13.89,77.14,2.04,0,0,0.01,0.039,0,1.213,0,99.932
"22","Meio","GALENA","SULFIDE",0,0.02,0.2,0.01,0.01,0.28,0.01,0.02,0.02,0,0,0.95,13.44,82.61,0.02,0,0.01,0,0.026,0,0.037,0,97.663
"23","Meio","GALENA","SULFIDE",0,0,0.05,0,0.02,0.01,0,0,0.03,0,0,0.95,13.6,83.61,0,0,0.01,0.01,0.039,0,0.219,0,98.548
"24","Come Quieto","CHALCOPYRITE","SULFIDE",0,0,30.95,0.03,0.01,35.39,0.02,0,0.01,0,0,0.02,34.19,0.1,0.01,0,0,0,0.004,0,0.031,0,100.765
"25","Mãe de Leite","CHALCOPYRITE","SULFIDE",0,0,30.02,0.01,0.01,34.42,1.34,0,0,0,0,0.03,33.77,0.11,0.01,0.01,0.02,0,0.004,0,0.058,0,99.812
"26","Valdette","CHALCOPYRITE","SULFIDE",0.01,0.01,28.88,0.02,0.02,33.4,2.47,0,0,0,0,0.08,34.44,0.12,0.02,0,0,0,0,0,0,0,99.47
"27","Serra","CHALCOPYRITE","SULFIDE",0.02,0,30.72,0.01,0,35.12,0.04,0,0.01,0,0,0.06,33.44,0.12,0.01,0.02,0.01,0,0,0,0.042,0,99.622
"28","Serra","CHALCOPYRITE","SULFIDE",0,0.01,30.59,0.04,0.01,34.84,0.05,0,0.02,0.02,0.01,0.04,33.45,0.1,0.01,0.01,0,0.002,0,0,0.036,0,99.238
"29","Serra","CHALCOPYRITE","SULFIDE",0.01,0,30.58,0.03,0,33.82,0.04,0,0.01,0,0,0.05,34.26,0.13,0.01,0.01,0,0,0,0,0.042,0,98.992
"30","Serra","CHALCOPYRITE","SULFIDE",0,0,30.55,0.03,0.01,34.56,0.02,0.01,0.01,0.01,0,0.05,34.89,0.12,0.02,0,0,0,0,0,0.052,0,100.332
"31","Meio","CHALCOPYRITE","SULFIDE",0.02,0,30.66,0.03,0,34.43,0.03,0,0.01,0,0,0.04,34.48,0.12,0.01,0.01,0.01,0.002,0.007,0,0,0,99.859
"32","Come Quieto","SPHALERITE","SULFIDE",0.01,0,0.62,0.01,0.02,0.02,66.09,0,0,0,0,0.12,32.94,0.09,0,0,0.0015,0,0.007,0,0.251,0,100.1795
"33","Mãe de Leite","SPHALERITE","SULFIDE",0,0,0.52,0.01,0.02,0.05,65.68,0,0.01,0.01,0.02,0.12,32.13,0.08,0,0,0.02,0,0.021,0,1.041,0,99.732
"34","Valdette","SPHALERITE","SULFIDE",0.01,0,0.19,0,0,0.07,65.41,0,0,0.02,0,0.18,32.17,0.08,0,0,0.0015,0,0.015,0,1.213,0,99.3595
"35","Galena","SPHALERITE","SULFIDE",0.01,0,0.76,0.01,0.01,0.12,63.41,0,0,0,0,0.11,32.33,0.05,0,0,0.0015,0.01,0.025,0,1.213,0,98.0595
"36","Serra","SPHALERITE","SULFIDE",0,0.01,1.5,0,0.01,0.93,64.06,0,0,0,0,0.13,32.01,0.12,0,0,0,0,0.012,0.046,1.041,0,99.869
"37","Serra","SPHALERITE","SULFIDE",0,0,0.74,0.02,0,0.01,66.61,0,0,0,0,0.2,31.66,0.09,0.01,0,0.01,0,0.021,0,1.213,0,100.584
"38","Meio","SPHALERITE","SULFIDE",0,0,0.26,0.01,0.01,0.08,65.69,0,0,0,0,0.15,33.03,0.05,0,0.01,0.005,0,0.028,0,1.041,0,100.364
"39","Meio","SPHALERITE","SULFIDE",0.02,0.02,0.25,0.01,0.01,0.07,66.17,0,0,0,0,0.16,33.25,0.08,0,0,0,0,0.003,0,1.213,0,101.256
"40","Serra","AIKINITE","SULFIDE",0.01,0,0.308,0,0,11.04,0,36.403,0,0,0,0.578,16.652,34.195,0,0.01,0,0,0.126,0,0.528,0,99.85
"41","ek65e 1c 1","PYRITE","SULFIDE",0,0.013,46.37,0.05,0,0.01,0,0.12,0.01,0,0,0.11,53.32,0.09,0,0.015,0,0,0,0,0,0,100.108
"42","ek65e 1c 2","PYRITE","SULFIDE",0,0.009,46.17,0.16,0.02,0.01,0,0.13,0.057,0.021,0,0.16,53.51,0.06,0,0.02,0.01,0,0.022,0,0.006,0,100.365
"43","ek65e 1c 3","PYRITE","SULFIDE",0.01,0,45.68,0.06,0.04,0,0,0.17,0,0,0,0.11,53.06,0.07,0,0,0,0.01,0.008,0,0,0,99.218
"44","ek65e 2c 1","PYRITE","SULFIDE",0.03,0.005,46.49,0.08,0,0.02,0,0.03,0,0,0,0.12,53.57,0.22,0,0,0.02,0.01,0.006,0,0.105,0,100.706
"45","ek65e 2c 2","PYRITE","SULFIDE",0.02,0,46.79,0.04,0.03,0.02,0,0.16,0.01,0.02,0,0.07,53.83,0.08,0,0,0,0.01,0.025,0,0,0,101.105
"46","ek65e 2c 3","PYRITE","SULFIDE",0,0.013,46.46,0.05,0,0,0.02,0.19,0.05,0,0,0.16,53.76,0.14,0.05,0.032,0,0,0.003,0,0.014,0,100.942
"47","ek65e 2c 4","PYRITE","SULFIDE",0.11,0,46.56,0.03,0,0.01,0,0.11,0.051,0,0,0.16,53.63,0.09,0.01,0,0,0.01,0.006,0,0.105,0,100.882
"48","ek65e 2c 5","PYRITE","SULFIDE",0.08,0.044,46.17,0.07,0.02,0,0.01,0.2,0,0,0,0.12,53.42,0.05,0,0.02,0.01,0.01,0.01,0,0.027,0,100.261
"49","ek65e 3c 1","PYRITE","SULFIDE",0.04,0.002,46,0.18,0.42,0.04,0.01,0.17,0.01,0.021,0,0.13,53.68,0.2,0.04,0.01,0.01,0,0.022,0,0.014,0,100.999
"50","ek65e 3c 2","PYRITE","SULFIDE",0,0,46.28,0.18,0.1,0,0,0.06,0,0,0,0.07,53.03,0.13,0.01,0,0,0.01,0.009,0,0.001,0,99.88
"51","ek65e 3c 3","PYRITE","SULFIDE",0.34,0.042,46.39,0.07,0,0.01,0,0.12,0.026,0.007,0,0.16,53.2,0.1,0.01,0.02,0.01,0.01,0.019,0,0.005,0,100.539
"52","ek65e 3c 4","PYRITE","SULFIDE",0,0,46.51,0.08,0.02,0.02,0.03,0.12,0,0,0,0.12,53.24,0.04,0,0,0.01,0,0,0,0,0,100.19
"53","ek65e 3c 5","PYRITE","SULFIDE",0.07,0.012,46.42,0.09,0,0,0,0.13,0.01,0,0,0.09,53.57,0.07,0.01,0.011,0,0,0.012,0,0.031,0,100.526
"54","ek65e 4c 1","PYRITE","SULFIDE",0.08,0.021,46.41,0.07,0.03,0.06,0,0.08,0,0,0,0.09,53.49,0.12,0,0,0,0,0,0,0,0,100.451
"55","ek65e 4c 2","PYRITE","SULFIDE",0.3,0,46.48,0.03,0.02,0.03,0.02,0.21,0.01,0,0,0.12,53.37,0.1,0,0.01,0.01,0,0,0,0.031,0,100.741
"56","ek65e 4c 3","PYRITE","SULFIDE",0,0,46.46,0.07,0.04,0.03,0,0.12,0,0,0,0.12,53.87,0.09,0,0.002,0,0,0.002,0,0,0,100.804
"57","ek65e 4c 4","PYRITE","SULFIDE",0.02,0,46.63,0.06,0.04,0.06,0,0.19,0.01,0,0,0.11,53.69,0.14,0,0.001,0,0,0.025,0,0.028,0,101.004
"58","ek65e 4c 5","PYRITE","SULFIDE",0.25,0,46.42,0.05,0.02,0.02,0.02,0.21,0.008,0.055,0,0.2,53.33,0.09,0,0.005,0,0,0.007,0,0.737,0,101.422
"59","ek68b 2c 1","PYRITE","SULFIDE",0,0,46.08,0.03,0.01,0.12,0.01,0.16,0.01,0,0,0.07,53.23,0.19,0,0.038,0,0.01,0,0,0.096,0,100.054
"60","ek68b 2c 2","PYRITE","SULFIDE",0.05,0,46.02,0.05,0.02,0.16,0,0.07,0,0,0,0.13,53.09,0.16,0,0,0.02,0,0,0,0.07,0,99.84
"61","df1 1","PYRITE","SULFIDE",0.13,0,46.65,0.04,0.03,0,0,0.19,0,0.021,0,0.07,53.17,0.1,0,0.005,0.01,0,0,0,0.001,0,100.417
"62","df1 2","PYRITE","SULFIDE",0.45,0,45.89,0.03,0.01,0.01,0,0.12,0,0,0,0.09,52.86,0.17,0,0.011,0.01,0,0,0,0,0,99.651
"63","df1 3","PYRITE","SULFIDE",0.21,0.013,46.37,0.07,0.03,0,0,0.11,0.003,0,0,0.11,53.04,0.08,0,0.005,0.02,0,0,0,0.027,0,100.088
"64","df1 4","PYRITE","SULFIDE",0.32,0,45.96,0.07,0,0,0,0.17,0.026,0,0,0.18,52.67,0.15,0.02,0,0,0,0.025,0,0,0,99.591
"65","df1 5","PYRITE","SULFIDE",0.01,0,46.64,0.04,0.02,0.03,0.04,0.14,0.008,0,0,0.07,53.28,0.03,0,0,0,0,0.026,0,0.009,0,100.343
"66","df1 6","PYRITE","SULFIDE",0.29,0.046,46.21,0.04,0.01,0.01,0,0.16,0.021,0,0,0.12,52.88,0.1,0.01,0,0.01,0.01,0,0,0.048,0,99.965
"67","df1 7","PYRITE","SULFIDE",0.44,0,46.54,0.05,0.04,0.04,0.01,0.11,0,0.008,0,0.13,52.74,0.13,0,0,0.01,0,0.005,0,0,0,100.253
"68","df1 8","PYRITE","SULFIDE",0,0,46.17,0.06,0.03,0.01,0.01,0.07,0.03,0.007,0,0.12,52.86,0.13,0.03,0,0,0.01,0.025,0,0.027,0,99.589
"69","ek66a 1c 10","PYRITE","SULFIDE",0.4,0.01,46.66,0.05,0,0.08,0,0.08,0,0.02,0,0.07,53.23,0.21,0.01,0,0,0,0.005,0,0.059,0,100.884
"70","EK-16_C1_Py 1","PYRITE","SULFIDE",0,0,44.597,0.047,0.021,0.039,0,0,0.05,0,0,0.16,52.184,0.117,0.021,0.01,0.01,0,0,0,0,0,97.256
"71","EK-16_C1_Py 3","PYRITE","SULFIDE",0,0.033,45.816,0.025,0.023,0.049,0,0,0.094,0,0,0.12,52.341,0.137,0,0.005,0.01,0,0.015,0,0.052,0,98.72
"72","EK-16_C2_Py 4","PYRITE","SULFIDE",0,0.007,45.184,0.014,0,0.048,0.025,0,0,0,0,0.08,52.493,0.187,0,0,0.011,0,0,0,0.012,0,98.061
"73","EK-16_C2_Py 5","PYRITE","SULFIDE",0,0.023,45.109,0.025,0.021,0.04,0,0,0,0.002,0,0.07,52.495,0.189,0.011,0.008,0,0,0.012,0,0,0,98.005
"74","EK-16_C2_Py 6","PYRITE","SULFIDE",0,0,44.759,0.043,0.038,0.031,0,0,0,0,0.011,0.13,52.711,0.204,0,0.021,0,0,0.004,0,1.213,0,99.165
"75","16-108_C1_Py 1","PYRITE","SULFIDE",0,0,45.769,0.033,0.015,0.031,0.065,0,0.036,0,0,0.09,52.235,0.085,0,0,0.02,0,0.005,0,0.016,0,98.4
"76","16-108_C1_Py 2","PYRITE","SULFIDE",0,0,45.459,0.034,0,0.019,0.093,0,0,0,0,0.09,52.208,0.2,0,0,0.02,0,0.012,0,0,0,98.135
"77","16-108_C1_Py 3","PYRITE","SULFIDE",0,0.001,45.471,0.063,0.017,0.03,0,0,0,0,0,0.08,52.094,0.174,0,0,0,0,0,0,0.031,0,97.961
"78","DED-411_C1_Py 1","PYRITE","SULFIDE",0,0,55.965,0.169,0.106,0.02,0,0,0,0.006,0,0.08,38.937,0.242,0,0.01,0.01,0,0,0,0.669,0,96.214
"79","DED-411_C2_Py 2","PYRITE","SULFIDE",0,0,56.388,0.173,0.071,0.022,0,0.065,0,0,0,0.11,38.891,0.107,0,0,0,0,0.016,0,1.108,0,96.951
"80","DED-411_C2_Py 3","PYRITE","SULFIDE",0,0,56.837,0.145,0.083,0.092,0,0,0.01,0,0,0.12,38.89,0.19,0.007,0,0.01,0,0,0,0,0,96.384
"81","DED-411_C2_Py 4","PYRITE","SULFIDE",0,0,56.779,0.177,0.106,0.05,0.016,0.047,0.036,0,0,0.12,38.431,0.111,0.016,0,0,0,0,0,0,0,95.889
"82","DED-411_C2_Py 5","PYRITE","SULFIDE",0,0,56.207,0.177,0.186,0.018,0,0.022,0.027,0,0,0.18,39.312,0.159,0,0.014,0,0,0.005,0,0.06,0,96.367
"83","DED-412_C1_Py 1","PYRITE","SULFIDE",0,0,44.698,0.066,0.017,0.022,0.053,0,0,0,0,0.08,51.707,0.191,0.01,0.01,0,0,0.002,0,0,0,96.856
"84","DED-412_C1_Py 2","PYRITE","SULFIDE",0,0.007,44.553,0.038,0.021,0.009,0.008,0,0.002,0,0,0.08,51.585,0.191,0,0,0,0,0,0,0,0,96.494
"85","DED-412_C1_Py 3","PYRITE","SULFIDE",0,0.02,41.841,0.013,0,0.067,0.013,0,0.007,0.02,1.955,0.09,49.161,0.213,1.767,0.01,0.01,0,0,0,1.041,0,96.228
"86","DED-412_C1_Py 4","PYRITE","SULFIDE",0,0.01,44.724,0.043,0.004,0,0.006,0,0.006,0,0,0.08,51.743,0.132,0.012,0.009,0.005,0.01,0,0,0.014,0,96.798
"87","DED-412_C1_Py 5","PYRITE","SULFIDE",0,0,44.562,0.037,0.028,0.03,0,0,0,0,0,0.13,50.829,0.281,0.005,0.011,0.0065,0.002,0,0,0.105,0,96.0265
"88","DED-412_C1_Py 6","PYRITE","SULFIDE",0,0,44.77,0.068,0.01,0.018,0,0,0,0.021,0,0.07,51.38,0.146,0.014,0.007,0.02,0,0.023,0,0.198,0,96.745
"89","EK-37_C1_Py 1","PYRITE","SULFIDE",0,0.04,45.17,0.042,0.007,0.024,0,0,0.065,0,0,0.16,51.001,0.153,0,0,0.01,0,0,0,0,0,96.672
"90","EK-37_C2_Py 2","PYRITE","SULFIDE",0,0,44.56,0.037,0,0.037,0,0,0.002,0,0,0.09,51.138,0.239,0,0,0,0,0.01,0,0.042,0,96.155
"91","EK-37_C2_Py 3","PYRITE","SULFIDE",0,0,44.536,0.041,0.013,0.004,0.063,0,0.01,0,0.007,0.08,50.928,0.271,0.016,0,0.0065,0,0,0,0.037,0,96.0125
"92","EK-37_C2_Py 4","PYRITE","SULFIDE",0,0,45.193,0.027,0.028,0.024,0.067,0.018,0,0,0,0.13,51.074,0.217,0.015,0.001,0.02,0.01,0.022,0,0.012,0,96.858
"93","EK-37_C2_Py 5","PYRITE","SULFIDE",0,0,45.029,0.073,0.006,0,0.011,0,0.005,0.022,0,0.08,50.454,0.26,0.009,0.018,0.01,0,0.012,0,0,0,95.989
"94","EK-37_C2_Py 6","PYRITE","SULFIDE",0,0,44.777,0.077,0.014,0.044,0.05,0.008,0.002,0.01,0,0.09,51.041,0.264,0,0,0.0065,0,0.018,0,0.302,0,96.7035
"95","EK-37_C2_Py 7","PYRITE","SULFIDE",0,0.002,44.458,0.015,0.028,0.001,0,0,0,0.01,0.014,0.12,50.538,0.133,0,0.02,0,0,0,0,0.251,0,95.59
"96","EK-37_C3_Py 8","PYRITE","SULFIDE",0.004,0,44.546,0.057,0.035,0.044,0.086,0,0.015,0,0,0.09,50.839,0.072,0,0,0.02,0,0.016,0,0.032,0,95.856
"97","EK-37_C3_Py 10","PYRITE","SULFIDE",0.02,0,44.648,0.04,0.011,0.004,0,0,0.008,0,0,0.08,50.633,0.223,0,0,0.01,0,0,0,0.014,0,95.691
"98","EK-37_C3_Py 11","PYRITE","SULFIDE",0,0.002,45.079,0.028,0,0.043,0,0,0,0,0.057,0.07,50.776,0.224,0,0,0,0,0,0,0.036,0,96.315
"99","EK-15_C1_Py 1","PYRITE","SULFIDE",0,0.043,44.452,0.143,0.017,0.081,0.018,0,0,0.004,0,0.08,50.405,0.16,0,0,0,0,0,0,0,0,95.403
"100","EK-15_C2_Py 5","PYRITE","SULFIDE",0,0.018,44.763,0.049,0.051,0.038,0,0,0.01,0,0,0.13,49.877,0.209,0,0,0,0,0.013,0,0.052,0,95.21
"101","EK-15_C3_Py 7","PYRITE","SULFIDE",0,0,44.954,0.107,0.043,0.043,0,0,0,0,0,0.08,50.489,0.158,0,0,0,0,0.011,0,0.028,0,95.913
"102","DED-413_C1_Py 1","PYRITE","SULFIDE",0,0,44.714,0.065,0,0.005,0.034,0,0,0,0,0.08,49.934,0.092,0,0.03,0.01,0,0,0,0.008,0,94.972
"103","ek216d 3c 1","ARSENOPYRITE","SULFIDE",42.54,0.013,35.5265,0.035,0.009,0.0075,0.043,0.024,0,0.01,0,0.16,22.049,0.0795,0.011,0.014,0.0065,0,0.126,0,0,0,100.654
"104","ek216d 3c 5","ARSENOPYRITE","SULFIDE",41.874,0.116,36.012,0.012,0.012,0.01,0.032,0,0,0,0,0.15,22.196,0,0,0.052,0,0,0.126,0,0,0,100.592
"105","ek216d 1c 2","ARSENOPYRITE","SULFIDE",41.7215,0,35.205,0.049,0.005,0.018,0.0135,0.0015,0.01,0,0.015,0.95,22.201,0.112,0.004,0,0.0015,0.001,0.126,0,0.005,0,100.439
"106","ek66a 1c 7","CHALCOPYRITE","SULFIDE",0.007,0.013,29.853,0.008,0,33.367,0,0.064,0.036,0,0,0.18,35.232,0.04,0.03,0,0.005,0.016,0.015,0,0.047,0,98.913
"107","ek66a 1c 9","CHALCOPYRITE","SULFIDE",0,0,29.934,0.039,0,33.799,0.04,0.102,0,0,0,0.08,34.642,0.023,0.022,0.011,0,0,0.004,0,0,0,98.696
"108","ek67b 1c 2","CHALCOPYRITE","SULFIDE",0,0,29.565,0.205,0.573,33.001,0,0.072,0.064,0,0,0.18,35.062,0.109,0.007,0.02,0.028,0,0.007,0,0,0,98.893
"109","ek67b 3c 3","CHALCOPYRITE","SULFIDE",0.048,0.018,29.525,0.164,0.326,33.532,0.124,0.066,0.03,0.021,0,0.18,35.019,0,0.017,0.008,0,0,0.029,0,0,0,99.107
"110","ek67b 5c 1","CHALCOPYRITE","SULFIDE",0,0,29.744,0.018,0.004,33.729,0.105,0.081,0,0,0,0.08,35.181,0.013,0.02,0.01,0,0.01,0.012,0,0.061,0,99.068
"111","ek67b 5c 4","CHALCOPYRITE","SULFIDE",0,0,29.989,0.037,0.061,33.712,0,0,0,0,0,0.13,35.393,0.059,0.019,0.015,0.013,0,0.029,0,0.006,0,99.463
"112","ek67b 5c 6","CHALCOPYRITE","SULFIDE",0.77,0,28.326,0.141,1.603,31.902,0,0.12,0.005,0,0,0.09,34.022,0.082,0.016,0.013,0,0.002,0.012,0,0.079,0,97.183
"113","ek67b 1c 9","CHALCOPYRITE","SULFIDE",0.064,0.01,29.701,0.179,0.374,33.073,0.073,0.039,0.008,0,0,0.08,34.786,0.061,0,0.015,0.011,0.002,0.016,0,0.032,0,98.524
"114","16-108_C1_Cpy 1","CHALCOPYRITE","SULFIDE",0,0,30.891,0.028,0,33.767,0.027,0,0,0,0,0.04,33.125,0.139,0,0.01,0.005,0,0.025,0,0,0,98.057
"115","16-108_C1_Cpy 2","CHALCOPYRITE","SULFIDE",0,0,30.474,0.07,0,34.277,0,0.018,0.01,0,0,0.07,33.325,0.235,0.04,0.01,0.02,0,0.012,0,0.028,0,98.589
"116","16-108_C1_Cpy 3","CHALCOPYRITE","SULFIDE",0,0,30.664,0.038,0.011,34.155,0.023,0,0,0,0,0.03,33.542,0.088,0.006,0.01,0.005,0,0.003,0,0.047,0,98.622
"117","ek67b 2c 3","SPHALERITE","SULFIDE",0.023,0,3.537,0.112,1.253,1.558,59.777,0.114,0.015,0,0,0.11,32.697,0.035,0,0.01,0.01,0,0.007,0.046,1.213,0,100.517
"118","DED-411_C1_Esf 1","SPHALERITE","SULFIDE",0,0,6.992,0.033,0,0.139,61.83,0,0.01,0,0,0.07,32.517,0.114,0,0,0.02,0,0.028,0,0.251,0,102.004
"119","JB-0905-3_C1_Sulf-1-1","ARSENOPYRITE","SULFIDE",44.327,0,34.373,0.007,0.028,0.055,0,0,0.005,0,0,0.95,19.032,0,0,0.055,0,0,0.189,0,0.016,0,99.037
"120","JB-0905-3_C1_Sulf-1-2","ARSENOPYRITE","SULFIDE",44.091,0.032,31.469,2.023,0,0.017,0.031,0,0,0.022,0,0.15,18.304,0,0.013,0.023,0.01,0,0.151,0.046,0,0,96.382
"121","JB-0905-3_C1_Sulf-1-3","ARSENOPYRITE","SULFIDE",43.432,0.037,31.143,2.157,0.072,0.028,0.007,0,0.002,0,0,0.15,18.666,0,0,0,0.0065,0,0.134,0,0.047,0,95.8815
"122","JB-0905-3_C1_Sulf-1-4","ARSENOPYRITE","SULFIDE",43.058,0.029,33.485,0.115,0,0.006,0.031,0,0.005,0,0.018,0.18,18.593,0,0,0.047,0,0,0.2,0,0,0,95.767
"123","JB-0905-3_C1_Sulf-1-5","ARSENOPYRITE","SULFIDE",40.983,0.01,33.713,0.129,0,0,0,0,0,0,0.006,0.16,19.877,0,0,0.023,0,0.001,0.149,0,0.011,0,95.062
"124","JB-0905-3_C1_Sulf-2-1","ARSENOPYRITE","SULFIDE",43.083,0.054,33.436,0.113,0.067,0,0.008,0,0.001,0,0,0.95,19.491,0,0,0.086,0,0,0.18,0,0,0,97.469
"125","JB-0905-3_C1_Sulf-2-2","ARSENOPYRITE","SULFIDE",42.638,0,33.156,0.017,0.095,0.039,0,0,0.008,0.007,0.087,0.16,19.323,0,0,0.157,0.02,0,0.143,0,0,0,95.85
"126","JB-0905-3_C1_Sulf-2-3","ARSENOPYRITE","SULFIDE",43.043,0,33.089,0.03,0.01,0,0,0,0.01,0,0.124,0.18,19.222,0,0,0.022,0,0,0.122,0,0.078,0,95.93
"127","JB-0905-3_C1_Sulf-3-1","ARSENOPYRITE","SULFIDE",45.592,0,32.007,1.512,0,0.05,0,0,0.052,0,0.049,0.578,18.376,0,0,0.005,0,0,0.131,0,0.035,0,98.387
"128","JB-0905-3_C1_Sulf-3-2","ARSENOPYRITE","SULFIDE",45.76,0.007,30.782,2.192,0.142,0.057,0,0,0.023,0,0,0.95,18.194,0.053,0,0.003,0,0.01,0.143,0,0.009,0,98.325
"129","JB-0905-3_C1_Sulf-4-1","ARSENOPYRITE","SULFIDE",44.905,0,33.244,0.009,0.506,0.032,0,0,0,0,0.014,0.87,19.444,0,0,0.052,0.01,0,0.196,0,0.042,0,99.324
"130","JB-0905-3_C1_Sulf-4-2","ARSENOPYRITE","SULFIDE",45.175,0,33.14,0.084,0,0.054,0,0,0,0.055,0.004,0.18,19.225,0,0,0.151,0.02,0.01,0.192,0,0.042,0,98.332
"131","JB-0905-3_C1_Sulf-4-3","ARSENOPYRITE","SULFIDE",43.44,0.116,33.284,0.262,0,0,0,0,0,0,0.07,0.16,19.934,0,0,0.008,0.0065,0,0.126,0,0,0,97.4065
"132","JB-0905-3_C1_Sulf-5-1","ARSENOPYRITE","SULFIDE",43.172,0.018,32.754,0.013,0.342,0.082,0,0,0.044,0.007,0.05,0.87,18.854,0,0,0.032,0,0,0.243,0,0.01,0,96.491
"133","JB-0905-3_C1_Sulf-5-2","ARSENOPYRITE","SULFIDE",42.595,0.046,33.476,0.082,0,0.042,0.007,0,0.04,0.006,0.001,0.18,19.359,0.023,0,0.051,0.028,0.01,0.209,0,0.001,0,96.156
"134","JB-0905-3_C1_Sulf-5-3","ARSENOPYRITE","SULFIDE",42.833,0.033,33.054,0.13,0.387,0.066,0,0,0,0.008,0.04,0.87,19.277,0.004,0,0.08,0,0,0.159,0,0,0,96.941
"135","JB-0905-3_C1_Sulf-6-1","ARSENOPYRITE","SULFIDE",42.37,0,33.647,0.33,0,0.048,0.034,0,0.024,0,0.034,0.95,20.001,0,0,0.028,0.0065,0,0.181,0,0,0,97.6535
"136","JB-0905-3_C1_Sulf-6-2","ARSENOPYRITE","SULFIDE",42.87,0.052,33.503,0.405,0,0.074,0,0,0.01,0,0,0.578,19.381,0,0,0.007,0,0.01,0.147,0,0.004,0,97.041
"137","JB-0905-3_C1_Sulf-6-3","ARSENOPYRITE","SULFIDE",42.258,0.002,32.368,1.211,0.133,0.064,0,0,0,0,0,0.16,19.893,0,0,0.021,0.01,0,0.136,0,0.017,0,96.273
"138","JB-0906-11_C3_Sulf-1-13","COBALTITE","SULFIDE",44.256,0.034,5.493,23.766,8.985,0.027,0,0,0,0,0.021,0.16,19.951,0,0.04,0.014,0.01,0.01,0.184,0,0.019,0,102.97
"139","JB-0906-11_C3_Sulf-1-1","COBALTITE","SULFIDE",45.756,0.039,7.42,18.816,13.374,0.008,0,0,0,0.019,0.015,0.16,19.148,0,0,0.018,0.01,0,0.151,0,0,0,104.934
"140","JB-0906-11_C3_Sulf-1-2","COBALTITE","SULFIDE",45.361,0.024,7.684,17.587,14.734,0.002,0.026,0,0,0,0.01,0.18,19.271,0,0,0,0.01,0.01,0.166,0,0.048,0,105.113
"141","JB-0905-3_C1_Sulf-7-1","PYRITE","SULFIDE",0.006,0,43.989,0,0.063,0.085,0,0,0,0,0,0.2,49.824,0,0,0.001,0,0,0.009,0,0,0,94.177
"142","JB-0905-3_C1_Sulf-7-2","PYRITE","SULFIDE",0.013,0.002,43.769,0,0.024,0.005,0.025,0,0,0.003,0,0.12,49.495,0,0,0.038,0.005,0,0.003,0,0,0,93.502
"143","JB-0905-3_C1_Sulf-7-3","PYRITE","SULFIDE",0.023,0.005,43.807,0,0,0.078,0.022,0,0,0,0.021,0.12,48.969,0,0,0,0,0,0,0,0,0,93.045
"144","JB-0905-3_C1_Sulf-7-4","PYRITE","SULFIDE",0,0.055,43.99,0,0,0.11,0.005,0,0,0,0.046,0.13,49.421,0,0,0,0,0.01,0,0,0.042,0,93.809
"145","JB-0905-3_C1_Sulf-7-5","PYRITE","SULFIDE",0,0.012,43.793,0,0.013,0.036,0.029,0,0,0,0.038,0.08,49.778,0,0,0,0,0,0,0,0.007,0,93.786
"146","JB-0905-3_C1_Sulf-7-6","PYRITE","SULFIDE",0.004,0.088,44.124,0,0.006,0.07,0,0,0,0,0.004,0.12,49.388,0,0,0,0,0,0.005,0,0.009,0,93.818
"147","JB-0905-3_C1_Sulf-8-1","PYRITE","SULFIDE",0.282,0,43.814,0.067,0.208,0.019,0.018,0,0,0,0,0.08,49.287,0,0,0.003,0,0,0,0,0,0,93.778
"148","JB-0905-3_C1_Sulf-8-2","PYRITE","SULFIDE",0,0.016,44.133,0,0.011,0.031,0,0,0.028,0,0.078,0.16,50.335,0,0,0,0,0,0,0,0.028,0,94.82
"149","JB-0905-3_C1_Sulf-8-3","PYRITE","SULFIDE",0,0.052,44.329,0,0,0.08,0.021,0,0,0,0,0.12,50.027,0,0,0,0.0015,0,0,0,0,0,94.6305
"150","JB-0905-3_C1_Sulf-8-4","PYRITE","SULFIDE",0,0.001,44.098,0,0,0.045,0,0,0,0,0,0.07,49.798,0,0,0,0,0,0.005,0,0,0,94.017
"151","JB-0905-16_C1_Sulf-1-1","PYRITE","SULFIDE",0.031,0.021,45.467,0.151,0.038,0.186,0.039,0,0,0,0.007,0.09,52.49,0,0,0,0.0065,0,0.006,0,0.198,0,98.7305
"152","JB-0905-16_C1_Sulf-1-2","PYRITE","SULFIDE",0.002,0,45.91,0.152,0.133,0.231,0.08,0,0.046,0,0.026,0.07,51.923,0,0,0,0.0065,0,0.002,0,0.302,0,98.8835
"153","JB-0905-16_C1_Sulf-1-3","PYRITE","SULFIDE",0.016,0.026,46.512,0,0.04,0.184,0.012,0,0.008,0,0,0.12,51.319,0,0,0,0,0.01,0.014,0,0.528,0,98.789
"154","JB-0905-16_C1_Sulf-1-4","PYRITE","SULFIDE",0.031,0.005,46.037,0,0.124,0.101,0,0,0,0,0,0.12,50.545,0,0,0,0.0065,0,0,0,0.456,0,97.4255
"155","JB-0905-16_C1_Sulf-1-5","PYRITE","SULFIDE",0.127,0.013,46.459,0,0.026,0.007,0.043,0,0.062,0,0.053,0.11,51.156,0,0,0.02,0,0,0.015,0,0.434,0,98.525
"156","JB-0905-16_C1_Sulf-1-6","PYRITE","SULFIDE",0.001,0.025,46.408,0,0.212,0.1,0,0,0.036,0,0,0.16,50.237,0,0,0,0,0,0.002,0,0.737,0,97.918
"157","JB-0905-16_C1_Sulf-2-1","PYRITE","SULFIDE",0.034,0,46.409,0.529,0,0,0,0,0.01,0,0,0.08,51.583,0,0,0,0.01,0,0.004,0,0.105,0,98.764
"158","JB-0905-16_C1_Sulf-2-2","PYRITE","SULFIDE",0.027,0,46.676,0.47,0,0.052,0.042,0,0,0,0,0.08,51.369,0,0,0,0,0,0,0,0.06,0,98.776
"159","JB-0905-16_C1_Sulf-2-3","PYRITE","SULFIDE",0.029,0,46.922,0.46,0.038,0,0.085,0,0,0,0,0.08,51.276,0,0,0,0,0.01,0.014,0,0.151,0,99.065
"160","JB-0905-16_C2_Sulf-1-1","PYRITE","SULFIDE",0.027,0,46.532,0,0.18,0.113,0.047,0,0,0,0,0.07,50.694,0,0,0.025,0.02,0,0,0,0.779,0,98.487
"161","JB-0905-16_C2_Sulf-1-2","PYRITE","SULFIDE",0.027,0,44.864,0,0.051,4.347,0.151,0,0.068,0,0,0.11,49.208,0,0,0,0.01,0,0,0,0.395,0,99.231
"162","JB-0905-16_C2_Sulf-1-3","PYRITE","SULFIDE",0.003,0,46.369,0,0.06,0.003,0,0,0.101,0,0.044,0.15,49.959,0,0,0,0,0.01,0.025,0,1.108,0,97.832
"163","JB-0905-16_C2_Sulf-1-4","PYRITE","SULFIDE",0.026,0.034,46.084,0.084,0,0.056,0.094,0,0.046,0,0,0.07,50.287,0,0,0,0.005,0,0.009,0,0.714,0,97.509
"164","JB-0905-16_C2_Sulf-1-5","PYRITE","SULFIDE",0.019,0.044,46.139,0,0.049,0.122,0.001,0,0.005,0.176,0.208,0.09,49.297,0,0,0.033,0,0,0,0,0.827,0,97.01
"165","JB-0905-16_C2_Sulf-1-6","PYRITE","SULFIDE",0.028,0,46.334,0,0.008,0.155,0.007,0,0.019,0.002,0,0.13,49.104,0,0,0.002,0,0,0,0,1.041,0,96.83
"166","JB-0906-11_C1_Sulf-1-1","PYRITE","SULFIDE",0.005,0.027,46.225,0,0.08,0.014,0.029,0,0.008,0.013,0,0.09,51.609,0,0,0,0,0,0.013,0,0.01,0,98.123
"167","JB-0906-11_C1_Sulf-1-2","PYRITE","SULFIDE",0.007,0.014,45.956,0,0,0.009,0.044,0,0.006,0.009,0,0.13,50.932,0,0,0.015,0,0,0,0,0.031,0,97.153
"168","JB-0906-11_C1_Sulf-1-3","PYRITE","SULFIDE",0.013,0.074,45.923,0.009,0.043,0.028,0,0,0.003,0,0.006,0.12,50.565,0,0,0,0,0,0.008,0,0.004,0,96.796
"169","JB-0906-11_C1_Sulf-1-4","PYRITE","SULFIDE",0.026,0,46.036,0,0,0,0.011,0,0,0,0,0.07,50.399,0,0,0,0,0,0.014,0,0.201,0,96.757
"170","JB-0906-11_C1_Sulf-1-5","PYRITE","SULFIDE",0.009,0,45.389,0,0.013,0,0.011,0,0.015,0,0,0.07,51.926,0,0,0,0.01,0,0.017,0,0,0,97.46
"171","JB-0906-11_C1_Sulf-1-6","PYRITE","SULFIDE",0.017,0,45,0,0,0.02,0,0,0,0,0,0.12,51.315,0,0,0.008,0,0,0,0,0,0,96.48
"172","JB-0906-11_C3_Sulf-1-2","PYRITE","SULFIDE",0.032,0,45.491,0,0.618,0,0.019,0,0,0,0,0.08,51.12,0,0,0,0,0,0.02,0,0.024,0,97.404
"173","JB-0906-11_C3_Sulf-1-3","PYRITE","SULFIDE",0,0,46.663,0,0.57,0.073,0.02,0,0,0,0,0.12,51.974,0,0,0,0,0,0.01,0,0.034,0,99.464
"174","JB-0906-11_C3_Sulf-1-4","PYRITE","SULFIDE",0.008,0.012,45.169,0,1.682,0.024,0.03,0,0.006,0.008,0.034,0.07,51.511,0,0,0,0,0,0.02,0,0,0,98.574
"175","JB-0906-11_C3_Sulf-1-5","PYRITE","SULFIDE",0.008,0.013,46.106,0,0.63,0.06,0.062,0,0,0,0,0.08,51.587,0,0,0,0,0,0.012,0,0.047,0,98.605
"176","JB-0906-11_C3_Sulf-1-6","PYRITE","SULFIDE",0.017,0,45.168,0.127,1.408,0.014,0,0,0,0,0,0.09,51.161,0,0,0,0.01,0.002,0,0,0.004,0,98.001
"177","JB-0906-11_C3_Sulf-1-7","PYRITE","SULFIDE",0,0.004,45.633,0,0.66,0.008,0.007,0,0,0,0,0.08,51.343,0,0,0.01,0,0,0,0,0.008,0,97.753
"178","JB-0906-11_C3_Sulf-1-8","PYRITE","SULFIDE",0,0,45.436,0,0.725,0.009,0.016,0,0.094,0,0,0.12,51.578,0,0,0.007,0.01,0.01,0.021,0,0.022,0,98.048
"179","JB-0906-11_C3_Sulf-1-9","PYRITE","SULFIDE",0,0,45.057,0,1.286,0.036,0.003,0,0.14,0,0.016,0.16,52.151,0,0,0,0.01,0,0.018,0,0.02,0,98.897
"180","JB-0906-11_C3_Sulf-1-10","CHALCOPYRITE","SULFIDE",0,0,29.371,0.008,0,33.48,0,0,0.031,0,0,0.16,32.308,0,0,0,0,0.01,0.022,0,0.041,0,95.431
"181","JB-0906-11_C3_Sulf-1-14","PYRITE","SULFIDE",0,0.041,45.053,0.022,0.628,0,0.019,0,0,0,0.003,0.09,52.36,0,0,0.011,0,0,0.007,0,0.01,0,98.244
"182","JB-0906-11_C3_Sulf-1-15","PYRITE","SULFIDE",0.023,0,45.994,0.001,0.938,0,0,0,0,0,0,0.2,52.002,0,0,0.002,0,0,0.023,0,0.052,0,99.235
"183","JB-0906-11_C3_Sulf-2-1","PYRITE","SULFIDE",0.02,0,46.215,0,0.075,0,0.036,0,0.057,0,0,0.07,51.258,0,0,0.028,0,0,0.023,0,0.024,0,97.806
"184","JB-0906-11_C3_Sulf-2-2","PYRITE","SULFIDE",0.01,0.008,46.227,0,0,0,0,0,0,0,0,0.13,52.597,0,0,0,0,0.01,0.007,0,0.031,0,99.02
"185","JB-0906-11_C3_Sulf-2-3","PYRITE","SULFIDE",0.297,0,45.545,0.388,0.052,0.047,0,0,0,0,0,0.11,51.612,0,0,0,0,0,0.03,0,0.002,0,98.083
"186","JB-0905-16_C1_Sulf-3-2","CHALCOPYRITE","SULFIDE",0.007,0,29.836,0,0,35.361,0.134,0,0.015,0,0.012,0.12,33.326,0,0,0.014,0,0,0.026,0,0.003,0,98.854
"187","JB-0905-16_C1_Sulf-3-3","CHALCOPYRITE","SULFIDE",0.019,0.043,29.516,0,0,36.833,0.141,0,0.051,0,0,0.16,33.227,0,0,0,0,0.01,0.039,0,0.032,0,100.071
"188","JB-0905-16_C1_Sulf-4-2","CHALCOPYRITE","SULFIDE",0.027,0,29.478,0,0,30.936,0.842,0,0.006,0,0,0.2,30.63,0,0,0.009,0,0,0.028,0,0.105,0,92.261
"189","JB-0906-11_C2_Sulf-1-1","CHALCOPYRITE","SULFIDE",0.014,0.014,29.472,0,0,33.813,0,0,0,0,0.007,0.12,32.641,0,0,0,0.0065,0,0.012,0,0.002,0,96.1015
"190","JB-0906-11_C2_Sulf-1-2","CHALCOPYRITE","SULFIDE",0.036,0.007,29.722,0,0,33.731,0,0,0,0.004,0.05,0.09,32.993,0,0,0,0.02,0,0.016,0,0.001,0,96.67
"191","JB-0906-11_C2_Sulf-1-3","CHALCOPYRITE","SULFIDE",0.002,0,29.542,0,0,33.68,0.05,0,0.021,0,0,0.08,32.588,0,0,0.001,0.0065,0,0,0,0,0,95.9705
"192","JB-0906-11_C2_Sulf-1-4","CHALCOPYRITE","SULFIDE",0.021,0.095,29.578,0,0,34.023,0.004,0,0,0,0.005,0.13,32.616,0,0,0.011,0,0,0.014,0,0,0,96.497
"193","JB-0906-11_C3_Sulf-1-1","CHALCOPYRITE","SULFIDE",0.022,0.025,28.867,0.012,0,34.224,0,0,0.005,0,0.022,0.07,32.637,0,0,0,0.02,0,0.025,0,0.015,0,95.944
"194","JB-0906-11_C3_Sulf-1-11","CHALCOPYRITE","SULFIDE",0.017,0,29.707,0,0,33.448,0.034,0,0.057,0.016,0,0.07,32.997,0,0,0,0,0.01,0.011,0,0.009,0,96.376
"195","JB-0905-16_C1_Sulf-3-1","DIGENITE","SULFIDE",0,0,5.537,1.06,4.18,59.081,0.127,0,0.028,0,0,0.16,30.882,0,0.087,0.021,0.01,0,0.041,0,0.219,0,101.433
"196","JB-0905-16_C1_Sulf-4-1","DIGENITE","SULFIDE",0,0,3.465,0.17,1.549,60.326,9.146,0,0.006,0.011,0.007,0.12,30.265,0.018,0.041,0,0.0065,0,0.026,0,0.251,0,105.4075
"197","JB-0906-11_C3_Sulf-1-12","PYRRHOTITE","SULFIDE",0.01,0.01,56.538,0,2.487,0,0.015,0,0.002,0,0.005,0.13,37.213,0,0,0,0,0,0.005,0,0.045,0,96.46
"198","44-5_C1_Sulf-1-1","PYRITE","SULFIDE",0.005,0,46.031,0,0,0.007,0,0,0,0,0.056,0.09,51.318,0,0,0,0.028,0,0,0,0,0,97.535
"199","44-5_C1_Sulf-1-2","PYRITE","SULFIDE",0.011,0,46.415,0,0.097,0.047,0.003,0,0,0,0.031,0.13,51.575,0,0,0,0,0,0,0,0.016,0,98.325
"200","44-5_C1_Sulf-1-3","PYRITE","SULFIDE",0.026,0,46.384,0,0.117,0.013,0.031,0,0.028,0,0,0.11,51.01,0,0,0.003,0,0,0.009,0,0.096,0,97.827
"201","44-5_C1_Sulf-1-4","PYRITE","SULFIDE",0.002,0,46.135,0,0,0.061,0.02,0,0.015,0,0,0.09,51.361,0,0,0,0,0,0.002,0,0,0,97.686
"202","44-5_C1_Sulf-1-5","PYRITE","SULFIDE",0,0,45.559,0,0.17,0,0,0,0,0,0,0.2,51.236,0,0,0,0,0,0,0,0.012,0,97.177
"203","44-5_C1_Sulf-1-6","PYRITE","SULFIDE",0.014,0.042,46.249,0,0,0.005,0,0,0.025,0,0,0.2,51.234,0,0,0,0,0,0,0,0.046,0,97.815
"204","47-6_C1_Sulf-1-1","PYRITE","SULFIDE",0,0.008,44.79,0,0.096,0.009,0,0,0,0.001,0.021,0.09,47.471,0,0,0,0,0.01,0,0,2.11,0,94.606
"205","47-6_C1_Sulf-1-2","PYRITE","SULFIDE",0.004,0,46.206,0,0.033,0,0.019,0,0,0,0.001,0.13,53.295,0,0,0,0,0,0,0,0,0,99.688
"206","47-6_C1_Sulf-2-1","PYRITE","SULFIDE",0.001,0.061,47.063,0,0.109,0.038,0.022,0,0.005,0.021,0.009,0.09,50.301,0,0,0,0,0.01,0.012,0,0.669,0,98.411
"207","47-6_C1_Sulf-2-2","PYRITE","SULFIDE",0.009,0.004,46.298,0,0,0.06,0.006,0,0,0,0,0.09,49.078,0,0,0.005,0,0,0,0,1.061,0,96.611
"208","47-6_C1_Sulf-3-1","PYRITE","SULFIDE",0.001,0,46.777,0,0,0,0.006,0,0,0,0,0.13,53.232,0,0,0.001,0,0,0.003,0,0.006,0,100.156
"209","47-6_C1_Sulf-3-2","PYRITE","SULFIDE",0.023,0,46.945,0,0,0,0.039,0,0.006,0,0.027,0.07,52.107,0,0,0,0.01,0,0.015,0,0,0,99.242
"210","47-6_C1_Sulf-3-3","PYRITE","SULFIDE",0.018,0.044,45.954,0,0.077,0.078,0.058,0,0.047,0,0,0.11,47.811,0,0,0.013,0,0,0,0,1.213,0,95.423
"211","47-6_C1_Sulf-4-1","PYRITE","SULFIDE",0.003,0,46.664,0,0.187,0,0,0,0.001,0,0,0.2,52.503,0,0,0,0,0,0,0,0.012,0,99.57
"212","47-6_C1_Sulf-4-2","PYRITE","SULFIDE",0.001,0.03,47.184,0,0.003,0.027,0.054,0,0,0.038,0.007,0.13,52.104,0,0,0,0.01,0,0.003,0,0.023,0,99.614
"213","47-6_C1_Sulf-4-3","PYRITE","SULFIDE",0,0,46.441,0,0,0.032,0,0,0,0,0,0.07,51.958,0,0,0,0,0,0.005,0,0.061,0,98.567
"214","DEN-642_C1_Sulf-3-1","PYRITE","SULFIDE",0,0.013,45.135,0,4.246,0.027,0,0,0,0,0,0.13,50.463,0,0,0,0.02,0,0,0,0.036,0,100.07
"215","DEN-642_C1_Sulf-3-2","PYRITE","SULFIDE",0,0.053,42.518,0.012,0.477,0.039,0,0,0.036,0,0.017,0.18,47.419,0,0,0,0.0065,0,0,0,0.018,0,90.7755
"216","DEN-642_C1_Sulf-3-3","PYRITE","SULFIDE",0.004,0.01,43.972,0,0,0.009,0,0,0.045,0,0.007,0.16,49.985,0,0,0,0,0.01,0,0,0.005,0,94.207
"217","DEN-642_C1_Sulf-3-4","PYRITE","SULFIDE",0.008,0.027,44.32,0,0.019,0.086,0,0,0.041,0,0,0.16,50.934,0,0,0,0,0,0,0,0,0,95.595
"218","DEN-642_C1_Sulf-3-5","PYRITE","SULFIDE",0.031,0.004,43.862,0.034,0.489,0,0.011,0,0.053,0,0,0.12,49.863,0,0,0,0,0,0.02,0,0,0,94.487
"219","DEN-642_C1_Sulf-6-1","PYRITE","SULFIDE",0.008,0.013,43.973,0.052,0.479,0.008,0.03,0,0.097,0,0,0.12,49.106,0,0,0,0,0,0.006,0,0,0,93.892
"220","DEN-642_C1_Sulf-6-2","PYRITE","SULFIDE",0,0,43.681,0.015,0.866,0.222,0.041,0,0,0,0,0.09,50.374,0,0,0,0,0,0.01,0,0.006,0,95.305
"221","DEN-642_C1_Sulf-6-3","PYRITE","SULFIDE",0.008,0.021,43.389,0.044,0.269,0.057,0.041,0,0,0.033,0,0.08,48.693,0,0,0,0.0015,0,0,0,0,0,92.6365
"222","DEN-642_C1_Sulf-6-4","PYRITE","SULFIDE",0.005,0,43.59,0.036,0.431,0,0,0,0.014,0,0,0.07,49.337,0,0,0.018,0.01,0.002,0,0,0,0,93.513
"223","DEN-642_C1_Sulf-2-1","CHALCOPYRITE","SULFIDE",0,0,34.072,0.053,0.276,24.706,0.031,0,0.007,0,0.002,0.05,34.776,0.083,0,0.053,0,0.002,0.008,0,0,0,94.119
"224","GUUD-205-11_C1_Sulf-1-1","PYRITE","SULFIDE",0.003,0.021,46.268,0,0.031,0,0,0,0,0,0.006,0.07,52.415,0,0,0,0,0.01,0,0,0.058,0,98.882
"225","GUUD-205-11_C1_Sulf-1-3","PYRITE","SULFIDE",0.012,0.003,46.304,0,0.019,0,0.008,0,0,0,0,0.12,51.482,0,0,0.018,0,0,0.004,0,0,0,97.97
"226","GUUD-205-11_C2_Sulf-1-1","PYRITE","SULFIDE",0.024,0.03,46.6,0,0,0,0,0,0,0,0.015,0.2,51.43,0,0,0.024,0,0,0.008,0,0.032,0,98.363
"227","GUUD-205-11_C2_Sulf-1-2","PYRITE","SULFIDE",0.026,0.009,46.026,0,0,0,0,0,0,0,0.024,0.2,50.855,0,0,0.021,0,0,0,0,0.041,0,97.202
"228","GUUD-205-11_C2_Sulf-2-2","PYRITE","SULFIDE",0.015,0.013,46.24,0,0.048,0,0,0,0,0,0.049,0.12,51.345,0,0,0,0,0,0,0,0.027,0,97.857
"229","GUUD-205-11_C3_Sulf-1-2","PYRITE","SULFIDE",0.008,0,45.815,0.026,0,0.06,0.017,0,0,0,0.037,0.09,52.204,0,0,0,0,0,0.017,0,0.028,0,98.302
"230","GUUD-205-11_C3_Sulf-1-3","PYRITE","SULFIDE",0.019,0.057,46.179,0,0.013,0.015,0.04,0,0,0,0.001,0.11,51.41,0,0,0.011,0,0,0.042,0,0,0,97.897
"231","GUUD-205-11_C1_Sulf-1-2","PYRITE","SULFIDE",0,0,46.253,0,0,0,0,0,0.05,0,0.011,0.11,51.494,0,0,0,0,0.01,0.009,0,0.03,0,97.967
"232","GUUD-205-11_C1_Sulf-1-4","PYRITE","SULFIDE",0.009,0.046,46.735,0.009,0,0.03,0.021,0,0.056,0,0.057,0.12,52.173,0,0,0,0,0.01,0.016,0,0.023,0,99.305
"233","GUUD-205-11_C1_Sulf-1-5","PYRITE","SULFIDE",0,0,46.055,0,0,0.006,0,0,0.09,0,0,0.12,51.485,0,0,0.015,0.01,0,0,0,0,0,97.781
"234","GUUD-205-11_C2_Sulf-2-1","PYRITE","SULFIDE",0,0.013,45.714,0,0,0,0,0,0.004,0.002,0,0.07,51.212,0,0,0.032,0,0,0.013,0,0.011,0,97.071
"235","GUUD-205-11_C3_Sulf-1-1","PYRITE","SULFIDE",0,0,45.963,0.017,0.17,0,0,0,0,0,0,0.13,51.122,0,0,0,0.02,0,0,0,0.025,0,97.447
"236","GUUD-205-11_C1_Sulf-2-1","CHALCOPYRITE","SULFIDE",0,0,29.976,0,0,34.775,0,0,0,0,0,0.07,32.745,0,0,0,0.01,0,0,0,0.065,0,97.641
"237","GUUD-205-11_C1_Sulf-2-2","CHALCOPYRITE","SULFIDE",0,0,29.761,0,0,34.248,0,0,0.015,0,0,0.07,32.542,0,0,0.044,0,0,0.006,0,0,0,96.686
"238","GUUD-205-11_C1_Sulf-2-3","CHALCOPYRITE","SULFIDE",0.001,0.007,29.889,0,0,35.181,0,0,0.026,0,0,0.18,32.666,0,0,0,0.0065,0.01,0.009,0,0.049,0,98.0245
"239","GUUD-205-11_C1_Sulf-2-4","CHALCOPYRITE","SULFIDE",0,0.056,29.924,0,0,35.098,0.024,0,0,0,0,0.08,32.545,0,0,0.011,0,0,0.002,0,0.032,0,97.772
"240","GUUD-206-14_C1_Sulf-3-1","CHALCOPYRITE","SULFIDE",0,0.009,29.22,0,0,34.801,0.039,0,0.083,0,0,0.11,32.846,0,0,0,0.01,0,0.018,0,0,0,97.136
"241","GUUD-206-14_C1_Sulf-3-2","CHALCOPYRITE","SULFIDE",0.001,0,28.949,0,0.006,33.736,0.315,0,0,0,0,0.08,32.423,0,0,0.001,0,0,0,0,0.066,0,95.577
"242","GUUD-206-14_C1_Sulf-4-1","CHALCOPYRITE","SULFIDE",0,0.032,29.994,0,0,35.273,0.025,0,0,0,0,0.07,32.917,0,0,0.015,0.028,0,0.019,0,0,0,98.373
"243","GUUD-206-14_C1_Sulf-8-1","CHALCOPYRITE","SULFIDE",0,0,29.12,0,0,33.718,0.092,0,0.064,0,0.05,0.07,31.873,0,0.005,0.005,0.02,0.01,0.004,0,0.079,0,95.11
"244","GUUD-206-14_C1_Sulf-9-1","CHALCOPYRITE","SULFIDE",0.045,0,30.117,0,0,33.377,0.016,0,0.024,0,0.003,0.09,33.326,0,0,0,0,0,0,0,0,0,96.998
"245","GUUD-206-14_C1_Sulf-9-2","CHALCOPYRITE","SULFIDE",0.018,0.065,29.421,0,0,35.209,0.024,0,0.012,0,0,0.08,33.151,0,0,0,0,0.01,0.005,0,0.047,0,98.042
"246","GUUD-206-14_C1_Sulf-11-1","CHALCOPYRITE","SULFIDE",0.003,0,30.078,0,0,34.565,0.033,0,0.051,0,0,0.09,32.976,0,0,0,0.01,0.01,0.007,0,0.03,0,97.853
"247","GUUD-206-14_C1_Sulf-11-2","CHALCOPYRITE","SULFIDE",0.007,0.028,30.082,0,0,34.453,0.088,0,0.027,0.021,0,0.11,32.82,0,0,0,0,0,0,0,0,0,97.636
"248","GUUD-206-14_C1_Sulf-1-1","PYRRHOTITE","SULFIDE",0,0,58.504,0.223,0.576,0.001,0.054,0,0.04,0,0.039,0.07,36.648,0,0,0,0,0,0.011,0,0,0,96.166
"249","GUUD-206-14_C1_Sulf-1-2","PYRRHOTITE","SULFIDE",0.006,0,58.229,0.274,0.524,0.074,0.012,0,0.026,0.009,0,0.07,36.378,0,0,0.03,0.01,0.002,0,0,0.001,0,95.645
"250","GUUD-206-14_C1_Sulf-1-3","PYRRHOTITE","SULFIDE",0,0,58.517,0.274,0.444,0,0.046,0,0.007,0.025,0,0.08,36.749,0,0,0.007,0.0065,0,0,0,0,0,96.1555
"251","GUUD-206-14_C1_Sulf-1-4","PYRRHOTITE","SULFIDE",0.025,0,58.408,0.272,0.567,0.018,0.046,0,0,0,0,0.09,36.609,0,0,0.004,0.01,0.01,0,0,0.035,0,96.094
"252","GUUD-206-14_C1_Sulf-1-5","PYRRHOTITE","SULFIDE",0.007,0.009,58.526,0.253,0.319,0.022,0,0,0.039,0,0,0.18,36.633,0,0,0.01,0.01,0,0.023,0,0.029,0,96.06
"253","GUUD-206-14_C1_Sulf-10-1","PYRRHOTITE","SULFIDE",0.007,0.077,59.252,0.145,0.425,0,0.035,0,0.065,0,0,0.11,37.062,0,0,0,0.01,0,0.029,0,0.037,0,97.254
"254","GUUD-206-14_C1_Sulf-10-2","PYRRHOTITE","SULFIDE",0,0.02,58.868,0.149,0.471,0,0.023,0,0,0,0.01,0.09,37.023,0,0,0.009,0,0,0,0,0.07,0,96.733
"255","GUUD-206-14_C1_Sulf-5-1","PYRRHOTITE","SULFIDE",0.015,0,58.626,0.122,0.595,0,0.015,0,0,0,0,0.07,37.114,0,0,0,0,0,0.028,0,0.039,0,96.624
"256","GUUD-207-6_C1_Sulf-1-1","PYRRHOTITE","SULFIDE",0.028,0,59.29,0.071,0.068,0.048,0,0,0,0,0,0.07,38.845,0.003,0,0,0,0,0.004,0,0.017,0,98.444
"257","GUUD-207-6_C1_Sulf-1-2","PYRRHOTITE","SULFIDE",0,0,58.504,0.062,0.321,0,0,0,0,0,0.063,0.12,38.209,0,0,0,0,0,0.007,0,0.059,0,97.345
"258","GUUD-207-6_C1_Sulf-1-3","PYRRHOTITE","SULFIDE",0.009,0.023,58.663,0.065,0.217,0,0,0,0.051,0,0,0.12,37.687,0,0,0,0.005,0,0.009,0,0,0,96.849
"259","GUUD-207-6_C1_Sulf-1-4","PYRRHOTITE","SULFIDE",0.002,0,59.317,0.101,0.158,0,0.005,0,0,0,0,0.13,38.113,0,0,0,0,0,0.007,0,0.037,0,97.87
"260","GUUD-207-6_C1_Sulf-1-5","PYRRHOTITE","SULFIDE",0,0.005,59.082,0.074,0.386,0.112,0.015,0,0.025,0,0.056,0.07,38.172,0,0,0,0,0,0.007,0,0.058,0,98.062
"261","GUUD-207-6_C1_Sulf-1-6","PYRRHOTITE","SULFIDE",0,0.018,58.88,0.043,0.105,0.009,0.026,0,0,0.032,0,0.09,38.028,0,0,0,0.01,0.01,0.01,0,0.044,0,97.305
"262","GUUD-207-6_C2_Sulf-1-1","PYRRHOTITE","SULFIDE",0,0.045,59.598,0.039,0.034,0,0.023,0,0.002,0,0.01,0.08,38.105,0,0,0,0,0,0,0,0,0,97.936
"263","GUUD-207-6_C2_Sulf-1-2","PYRRHOTITE","SULFIDE",0.029,0.014,59.07,0.048,0.115,0,0,0,0,0.013,0,0.13,37.928,0,0,0,0,0,0.005,0,0,0,97.352
"264","GUUD-207-6_C2_Sulf-1-3","PYRRHOTITE","SULFIDE",0.003,0,59.097,0.101,0.085,0.037,0,0,0,0,0.083,0.07,37.728,0,0,0.001,0,0.002,0,0,0.014,0,97.221
"265","GUUD-206-14_C1_Sulf-2-1","SPHALERITE","SULFIDE",0.017,0.038,6.917,0.162,0,0.019,53.736,0,0.003,0,0.011,0.12,29.732,0,0.222,0,0.02,0,0.011,0,3.685,0,94.693
"266","GUUD-206-14_C1_Sulf-6-1","SPHALERITE","SULFIDE",0.02,0,7.108,0.134,0,0.006,53.608,0,0,0,0.056,0.11,29.885,0,0.273,0,0.0065,0,0,0,4.286,0,95.4925
"267","GUUD-206-14_C1_Sulf-6-2","SPHALERITE","SULFIDE",0,0.071,6.483,0.134,0,0.028,52,0,0,0,0.037,0.11,30.434,0,0.205,0,0,0,0.003,0,4.826,0,94.331
"268","GUUD-206-14_C1_Sulf-7-1","SPHALERITE","SULFIDE",0.004,0,7.252,0.145,0,0.104,54.019,0,0,0.008,0,0.11,30.143,0,0.238,0,0.02,0,0.008,0,4.177,0,96.228
"269","GUUD-206-14_C1_Sulf-7-2","SPHALERITE","SULFIDE",0,0,7.011,0.126,0,0.204,53.862,0,0,0.002,0,0.12,29.795,0,0.243,0,0,0,0,0,4.244,0,95.607
"270","GUUD-206-14_C1_Sulf-12-1","SPHALERITE","SULFIDE",0,0.002,7.392,0.165,0,0,53.986,0,0,0,0,0.11,29.958,0,0.198,0,0.02,0.01,0.028,0.001,3.656,0,95.526
